{"cameraMode":{"drawMode":0,"name":"Shaded","section":"Shading Mode"},"sceneLighting":false,"audioPlay":false,"sceneViewState":{"m_AlwaysRefresh":false,"showFog":true,"showSkybox":false,"showFlares":true,"showImageEffects":true,"showParticleSystems":true,"showVisualEffectGraphs":true,"m_FxEnabled":false},"in2DMode":false,"pivot":{"x":-2.4812779426574709,"y":2.836819648742676,"z":-1.5745642185211182},"rotation":{"x":0.2423696666955948,"y":0.004360964521765709,"z":-0.001091224723495543,"w":0.9701805114746094},"size":0.5933429002761841,"orthographic":false}